customer_id,date,product_type,amount
A1,2004-01-03,PETROL,410556.13
A1,2004-01-12,JEWELLERY,485470.8
A1,2004-01-12,TRAIN TICKET,440563.22
A1,2004-01-15,CLOTHES,23740.46
A1,2004-01-25,FOOD,484342.47
A1,2004-01-25,TRAIN TICKET,394970.96
A1,2004-02-05,BUS TICKET,52208.65
A1,2004-05-05,BUS TICKET,361141.31
A1,2004-01-17,CAMERA,369694.07
A1,2004-02-01,CAR,23370.2
A1,2004-02-03,FOOD,155611.91
A1,2004-02-23,SANDALS,168285.6
A1,2004-02-23,CLOTHES,476702.09
A1,2004-08-03,MOVIE TICKET,344372.1
A1,2004-11-22,PETROL,183839.61
A1,2004-04-02,TRAIN TICKET,176372.82
A1,2004-04-19,AIR TICKET,346925.68
A1,2004-10-03,RENTAL,244534.68
A10,2004-01-15,CAMERA,240056.14
A10,2004-01-15,CAMERA,31496.69
A10,2004-01-25,BUS TICKET,211880.15
A10,2004-03-19,SANDALS,47866.78
A10,2004-05-05,FOOD,239397.51
A10,2004-02-01,FOOD,36477.84
A10,2004-02-01,JEWELLERY,498388.88
A10,2004-02-16,SHOPPING,194795.88
A10,2004-02-23,CLOTHES,48568.07
A10,2004-05-30,PETROL,387940.9
A10,2004-05-31,SHOPPING,118875.68
A10,2004-11-20,PETROL,459690.69
A10,2004-03-25,CAMERA,281472.15
A10,2004-03-28,FOOD,74554.87
A10,2004-04-30,CAMERA,270721.68
A10,2004-05-03,AUTO,10615.48
A10,2004-07-11,PETROL,239798.03
A10,2004-08-03,AIR TICKET,454827.23
A100,2004-01-25,BUS TICKET,224786.88
A11,2004-01-12,TRAIN TICKET,192485.69
A11,2004-01-25,CAMERA,139319.83
A11,2004-01-25,CAMERA,59091.19
A11,2004-02-05,FOOD,66306.06
A11,2004-02-05,PETROL,263577.25
A11,2004-04-25,CAMERA,483603.21
A11,2004-02-01,CLOTHES,313864.03
A11,2004-02-23,AIR TICKET,307622.01
A11,2004-05-31,PETROL,179462.61
A11,2004-06-01,AIR TICKET,272982.02
A11,2004-08-12,PETROL,404113.85
A11,2004-03-05,CAR,173876.16
A11,2004-03-29,FOOD,45366.66
A11,2004-03-31,CAMERA,312063.64
A11,2004-05-06,CAMERA,468501.45
A11,2004-06-03,SHOPPING,294577.34
A11,2004-09-03,AIR TICKET,67560.48
A11,2004-11-21,PETROL,472854.21
A12,2004-01-03,RENTAL,497770.15
A12,2004-01-03,CAMERA,42797.0
A12,2004-01-12,SHOPPING,460555.54
A12,2004-01-12,CLOTHES,468597.16
A12,2004-02-05,CLOTHES,214891.01
A12,2004-09-13,PETROL,479627.87
A12,2004-01-17,CAMERA,133441.76
A12,2004-01-17,BIKE,460150.85
A12,2004-02-03,BUS TICKET,151921.12
A12,2004-02-16,RENTAL,156616.01
A12,2004-02-16,PETROL,176757.27
A12,2004-02-28,FOOD,24218.26
A12,2004-02-28,CLOTHES,331227.52
A12,2004-04-04,BIKE,126009.02
A12,2004-04-27,TRAIN TICKET,380147.4
A12,2004-05-07,CAMERA,442439.36
A12,2004-05-09,CLOTHES,338783.93
A12,2004-05-24,CLOTHES,319918.7
A12,2004-05-29,AIR TICKET,121365.0
A12,2004-06-01,CLOTHES,81201.58
A12,2004-06-02,BUS TICKET,189763.11
A12,2004-06-03,CAMERA,411533.34
A12,2004-11-22,PETROL,383087.29
A12,2004-03-03,AUTO,371251.15
A12,2004-03-23,CAMERA,25824.98
A12,2004-03-30,SHOPPING,350004.39
A12,2004-03-31,TRAIN TICKET,94325.47
A12,2004-04-19,CAMERA,104548.34
A12,2004-07-03,AIR TICKET,77725.32
A12,2004-08-03,RENTAL,319708.92
A12,2004-10-03,CAR,446841.82
A13,2004-01-03,AIR TICKET,120263.91
A13,2004-01-03,FOOD,481870.34
A13,2004-01-15,MOVIE TICKET,358215.28
A13,2004-01-15,SHOPPING,254686.6
A13,2004-04-06,SHOPPING,440316.95
A13,2004-05-05,TRAIN TICKET,255449.53
A13,2004-11-23,PETROL,125216.76
A13,2004-02-16,FOOD,293846.44
A13,2004-02-16,FOOD,106381.38
A13,2004-02-23,SHOPPING,172271.16
A13,2004-02-23,MOVIE TICKET,418134.52
A13,2004-02-23,AUTO,141539.79
A13,2004-02-23,PETROL,95830.82
A13,2004-02-28,CLOTHES,283832.24
A13,2004-05-25,FOOD,382311.03
A13,2004-05-30,AIR TICKET,299827.43
A13,2004-06-02,FOOD,249438.28
A13,2004-06-03,TRAIN TICKET,240226.29
A13,2004-07-03,CAMERA,358931.43
A13,2004-11-20,PETROL,456431.18
A13,2004-02-04,TRAIN TICKET,307940.97
A13,2004-03-23,TRAIN TICKET,202141.07
A13,2004-03-24,CAMERA,77748.47
A13,2004-03-31,AIR TICKET,460656.56
A13,2004-04-03,SHOPPING,218692.79
A13,2004-04-30,AUTO,354503.56
A13,2004-05-08,CAMERA,275775.47
A13,2004-05-10,FOOD,325317.86
A13,2004-08-03,BUS TICKET,25860.69
A13,2004-09-03,MOVIE TICKET,419809.4
A13,2004-11-03,BIKE,28139.06
A14,2004-01-15,BUS TICKET,425291.52
A14,2004-01-15,CAMERA,366089.04
A14,2004-01-25,JEWELLERY,102546.39
A14,2004-01-25,AIR TICKET,474714.13
A14,2004-04-25,SHOPPING,461091.85
A14,2004-02-01,AIR TICKET,394078.34
A14,2004-02-01,SHOPPING,463680.6
A14,2004-02-03,JEWELLERY,84974.29
A14,2004-02-03,PETROL,83322.44
A14,2004-02-16,CLOTHES,133659.56
A14,2004-02-23,FOOD,111896.48
A14,2004-02-23,CAMERA,442625.24
A14,2004-04-27,AIR TICKET,205929.95
A14,2004-05-09,CAMERA,177293.8
A14,2004-05-24,PETROL,84390.34
A14,2004-05-26,FOOD,471424.21
A14,2004-05-31,AIR TICKET,56048.99
A14,2004-06-03,CAMERA,370497.2
A14,2004-07-03,RENTAL,294099.59
A14,2004-08-03,SHOPPING,190016.43
A14,2004-03-24,TRAIN TICKET,398349.58
A14,2004-03-25,RENTAL,9509.6
A14,2004-03-25,CAMERA,30849.09
A14,2004-04-01,BUS TICKET,341157.43
A14,2004-05-03,AIR TICKET,239984.25
A14,2004-05-06,TRAIN TICKET,156836.79
A14,2004-07-11,CAMERA,268233.08
A14,2004-09-03,TRAIN TICKET,108506.2
A14,2004-10-03,JEWELLERY,414285.94
A14,2004-11-21,PETROL,9819.62
A14,2004-12-03,AUTO,289884.23
A15,2004-01-12,SHOPPING,162080.83
A15,2004-01-12,PETROL,300895.4
A15,2004-01-12,BUS TICKET,303303.37
A15,2004-01-25,CAMERA,3750.13
A15,2004-02-05,AIR TICKET,68519.2
A15,2004-02-03,SANDALS,93032.72
A15,2004-05-07,TRAIN TICKET,467341.95
A15,2004-05-27,FOOD,30238.7
A15,2004-06-01,AIR TICKET,243748.11
A15,2004-07-03,CAMERA,315252.93
A15,2004-08-12,SANDALS,158508.85
A15,2004-09-03,AIR TICKET,182661.18
A15,2004-02-04,PETROL,439946.6
A15,2004-02-04,PETROL,209048.7
A15,2004-03-25,TRAIN TICKET,475849.21
A15,2004-03-26,CAMERA,50155.08
A15,2004-03-31,MOVIE TICKET,399874.98
A15,2004-05-10,SHOPPING,496915.29
A15,2004-06-03,BUS TICKET,88817.36
A15,2004-11-03,PETROL,86631.41
A16,2004-01-03,AIR TICKET,405719.84
A16,2004-01-03,CLOTHES,105685.17
A16,2004-01-03,TRAIN TICKET,78523.66
A16,2004-01-12,CAMERA,113443.41
A16,2004-09-13,CAR,173566.0
A16,2004-02-28,BUS TICKET,240855.67
A16,2004-05-28,FOOD,423809.31
A16,2004-06-02,CAMERA,240074.15
A16,2004-08-03,CAMERA,148922.42
A16,2004-10-03,BUS TICKET,384670.92
A16,2004-02-04,CAR,435234.62
A16,2004-03-23,JEWELLERY,2845.76
A16,2004-03-25,CLOTHES,119406.07
A16,2004-03-25,PETROL,395533.64
A16,2004-03-26,TRAIN TICKET,446844.83
A16,2004-03-27,CAMERA,391477.9
A16,2004-05-08,TRAIN TICKET,454862.62
A16,2004-07-03,TRAIN TICKET,348188.74
A16,2004-07-11,AIR TICKET,100425.24
A16,2004-12-03,CLOTHES,267116.94
A17,2004-01-03,CAMERA,11938.81
A17,2004-01-12,FOOD,298389.0
A17,2004-01-15,BUS TICKET,140735.03
A17,2004-01-15,FOOD,246993.23
A17,2004-01-15,RENTAL,41401.91
A17,2004-03-19,PETROL,457931.43
A17,2004-02-16,TRAIN TICKET,94531.69
A17,2004-05-09,TRAIN TICKET,257904.07
A17,2004-05-29,FOOD,242927.78
A17,2004-06-03,CAMERA,242080.71
A17,2004-08-12,BUS TICKET,206451.17
A17,2004-09-03,CAMERA,220824.11
A17,2004-11-03,TRAIN TICKET,433833.71
A17,2004-11-20,BIKE,57111.38
A17,2004-03-25,BIKE,110076.88
A17,2004-03-27,AUTO,350241.67
A17,2004-03-28,CAMERA,249002.72
A17,2004-03-31,FOOD,85707.18
A17,2004-03-31,PETROL,274440.33
A17,2004-08-03,RENTAL,214618.64
A18,2004-01-03,CAMERA,213041.24
A18,2004-01-15,SHOPPING,107056.49
A18,2004-01-25,TRAIN TICKET,82720.75
A18,2004-01-25,FOOD,466922.14
A18,2004-01-25,MOVIE TICKET,383683.27
A18,2004-09-13,TRAIN TICKET,457364.09
A18,2004-02-23,TRAIN TICKET,374791.98
A18,2004-05-30,FOOD,234158.9
A18,2004-07-03,CAMERA,144899.97
A18,2004-10-03,SHOPPING,115488.88
A18,2004-12-03,RENTAL,15237.44
A18,2004-03-05,CLOTHES,19272.94
A18,2004-03-23,CAMERA,393056.28
A18,2004-03-23,PETROL,401618.63
A18,2004-03-28,SHOPPING,166127.87
A18,2004-03-29,CAMERA,334432.74
A18,2004-03-31,AUTO,478891.22
A18,2004-05-10,TRAIN TICKET,221258.92
A18,2004-09-03,MOVIE TICKET,246029.64
A18,2004-11-21,AUTO,74647.08
A19,2004-01-12,FOOD,410478.96
A19,2004-01-12,JEWELLERY,260909.8
A19,2004-01-15,CAMERA,184771.88
A19,2004-01-25,AIR TICKET,68610.51
A19,2004-03-19,PETROL,186400.75
A19,2004-01-17,RENTAL,317065.31
A19,2004-02-03,TRAIN TICKET,425536.83
A19,2004-04-04,FOOD,441442.26
A19,2004-05-31,FOOD,117920.96
A19,2004-08-03,SHOPPING,354199.11
A19,2004-11-03,AIR TICKET,167577.01
A19,2004-11-20,RENTAL,266948.51
A19,2004-11-22,SHOPPING,457672.04
A19,2004-01-03,MOVIE TICKET,467517.17
A19,2004-03-23,SHOPPING,243960.25
A19,2004-03-24,SANDALS,210962.36
A19,2004-03-29,AIR TICKET,304332.65
A19,2004-03-30,CLOTHES,445841.52
A19,2004-07-11,TRAIN TICKET,150833.96
A19,2004-10-03,JEWELLERY,200588.13
A2,2004-01-03,RENTAL,199554.72
A2,2004-01-12,RENTAL,366519.94
A2,2004-04-06,BUS TICKET,439648.53
A2,2004-11-23,PETROL,384078.73
A2,2004-02-03,CLOTHES,197585.76
A2,2004-02-28,TRAIN TICKET,376887.49
A2,2004-09-03,JEWELLERY,117089.16
A2,2004-02-04,FOOD,175345.84
A2,2004-04-03,RENTAL,367364.53
A2,2004-05-06,TRAIN TICKET,369689.78
A2,2004-11-03,MOVIE TICKET,75728.35
A20,2004-01-03,FOOD,294948.41
A20,2004-01-03,PETROL,85002.75
A20,2004-01-12,BUS TICKET,433801.8
A20,2004-01-25,CAMERA,84269.28
A20,2004-03-19,AIR TICKET,274363.73
A20,2004-11-23,AIR TICKET,63132.03
A20,2004-02-23,MOVIE TICKET,460130.36
A20,2004-06-01,FOOD,405378.23
A20,2004-08-12,TRAIN TICKET,328899.39
A20,2004-09-03,AIR TICKET,244668.92
A20,2004-12-03,AIR TICKET,289182.73
A20,2004-02-03,BIKE,292011.92
A20,2004-02-04,TRAIN TICKET,221480.81
A20,2004-03-05,PETROL,472065.9
A20,2004-03-25,CAR,250577.45
A20,2004-03-30,BUS TICKET,26142.18
A20,2004-03-31,FOOD,406960.62
A20,2004-04-30,JEWELLERY,356733.48
A20,2004-11-03,PETROL,344151.68
A20,2004-11-21,MOVIE TICKET,126928.82
A21,2004-01-03,TRAIN TICKET,301196.52
A21,2004-01-03,FOOD,30519.76
A21,2004-01-12,TRAIN TICKET,7745.43
A21,2004-01-12,SHOPPING,163616.63
A21,2004-01-12,JEWELLERY,433696.96
A21,2004-01-15,FOOD,100501.87
A21,2004-01-15,PETROL,285085.87
A21,2004-02-05,BUS TICKET,237115.63
A21,2004-04-06,BUS TICKET,493598.56
A21,2004-04-25,PETROL,190011.63
A21,2004-09-13,TRAIN TICKET,285472.35
A21,2004-01-17,CAMERA,322221.08
A21,2004-02-01,JEWELLERY,203505.93
A21,2004-04-04,PETROL,496358.65
A21,2004-05-24,BUS TICKET,344430.33
A21,2004-05-31,FOOD,246951.23
A21,2004-06-02,FOOD,247287.46
A21,2004-10-03,BUS TICKET,146556.94
A21,2004-10-03,BUS TICKET,223145.13
A21,2004-11-22,JEWELLERY,401959.6
A21,2004-01-03,AIR TICKET,477615.93
A21,2004-03-03,AUTO,419650.32
A21,2004-03-05,BUS TICKET,210648.82
A21,2004-03-23,FOOD,7215.93
A21,2004-03-25,TRAIN TICKET,473984.25
A21,2004-03-26,BIKE,397003.51
A21,2004-03-29,SHOPPING,294034.8
A21,2004-03-31,TRAIN TICKET,321996.06
A21,2004-03-31,PETROL,33232.51
A21,2004-04-01,CAMERA,265164.32
A21,2004-05-03,AIR TICKET,113200.17
A21,2004-05-10,FOOD,376647.18
A21,2004-12-03,PETROL,452425.82
A22,2004-01-03,TRAIN TICKET,125328.55
A22,2004-01-03,SHOPPING,301201.09
A22,2004-01-03,JEWELLERY,303466.61
A22,2004-01-12,FOOD,370895.27
A22,2004-01-12,PETROL,106897.2
A22,2004-01-12,PETROL,300820.31
A22,2004-01-15,RENTAL,265755.35
A22,2004-01-15,CAMERA,475953.8
A22,2004-02-05,PETROL,32089.03
A22,2004-03-19,FOOD,361901.35
A22,2004-11-23,PETROL,417496.52
A22,2004-02-23,SHOPPING,108883.79
A22,2004-02-28,TRAIN TICKET,302388.32
A22,2004-04-04,TRAIN TICKET,8987.04
A22,2004-04-27,TRAIN TICKET,113305.19
A22,2004-05-25,TRAIN TICKET,243032.21
A22,2004-06-01,CAMERA,140610.03
A22,2004-06-03,FOOD,273207.18
A22,2004-11-03,TRAIN TICKET,439760.73
A22,2004-11-03,TRAIN TICKET,170559.4
A22,2004-11-20,TRAIN TICKET,349814.2
A22,2004-02-03,AIR TICKET,261854.22
A22,2004-03-23,PETROL,407904.49
A22,2004-03-27,AUTO,66833.86
A22,2004-03-30,SHOPPING,352119.02
A22,2004-03-31,TRAIN TICKET,305269.62
A22,2004-04-01,RENTAL,258226.14
A22,2004-04-02,SANDALS,271866.51
A22,2004-04-03,SHOPPING,298006.4
A22,2004-04-19,CLOTHES,423672.5
A22,2004-04-30,PETROL,173753.09
A22,2004-06-03,BUS TICKET,51202.64
A22,2004-07-11,CAMERA,283358.58
A23,2004-01-03,PETROL,466587.47
A23,2004-01-03,PETROL,305868.49
A23,2004-01-15,CAMERA,480300.25
A23,2004-01-15,SHOPPING,260098.89
A23,2004-01-15,JEWELLERY,69355.05
A23,2004-01-25,MOVIE TICKET,87297.77
A23,2004-01-25,CAMERA,253857.83
A23,2004-04-06,FOOD,390850.96
A23,2004-04-25,PETROL,253518.4
A23,2004-05-05,RENTAL,52465.01
A23,2004-02-01,AIR TICKET,375898.65
A23,2004-02-16,RENTAL,197038.23
A23,2004-05-26,RENTAL,181781.71
A23,2004-06-02,CAMERA,102054.01
A23,2004-07-03,FOOD,332157.16
A23,2004-08-12,SANDALS,367328.29
A23,2004-12-03,RENTAL,35298.96
A23,2004-12-03,RENTAL,124640.0
A23,2004-03-05,FOOD,155438.87
A23,2004-03-23,TRAIN TICKET,80061.3
A23,2004-03-24,PETROL,51156.94
A23,2004-03-28,SHOPPING,131176.47
A23,2004-03-31,SHOPPING,450293.71
A23,2004-04-02,MOVIE TICKET,180035.15
A23,2004-05-03,AIR TICKET,231938.93
A23,2004-07-03,TRAIN TICKET,80146.72
A23,2004-11-21,TRAIN TICKET,26965.4
A24,2004-01-12,JEWELLERY,454728.13
A24,2004-01-12,CAMERA,237337.83
A24,2004-01-15,PETROL,224361.64
A24,2004-01-15,PETROL,111188.2
A24,2004-01-25,CAMERA,394126.79
A24,2004-01-25,SHOPPING,404163.7
A24,2004-01-25,JEWELLERY,430799.04
A24,2004-02-05,BUS TICKET,385046.06
A24,2004-03-19,TRAIN TICKET,147422.97
A24,2004-09-13,CAR,245802.04
A24,2004-02-23,MOVIE TICKET,264923.52
A24,2004-04-04,FOOD,315972.76
A24,2004-04-27,CAMERA,328845.08
A24,2004-05-27,MOVIE TICKET,47758.62
A24,2004-06-03,CAMERA,132168.57
A24,2004-08-03,FOOD,75079.67
A24,2004-11-22,TRAIN TICKET,443897.57
A24,2004-01-03,MOVIE TICKET,309591.35
A24,2004-01-03,MOVIE TICKET,462995.84
A24,2004-03-25,PETROL,162465.63
A24,2004-03-29,AIR TICKET,331656.4
A24,2004-04-01,SHOPPING,164338.8
A24,2004-04-03,JEWELLERY,348056.92
A24,2004-04-19,AIR TICKET,273446.21
A24,2004-05-06,MOVIE TICKET,209455.48
A24,2004-06-03,BUS TICKET,224580.2
A24,2004-08-03,RENTAL,30320.99
A25,2004-01-03,PETROL,350791.94
A25,2004-01-03,CAMERA,23294.48
A25,2004-01-12,SHOPPING,349503.46
A25,2004-01-25,PETROL,243221.98
A25,2004-01-25,PETROL,90922.64
A25,2004-04-06,BUS TICKET,230766.62
A25,2004-05-05,SANDALS,446040.47
A25,2004-11-23,AIR TICKET,355617.91
A25,2004-01-17,CAMERA,490544.87
A25,2004-01-17,JEWELLERY,79291.21
A25,2004-02-03,JEWELLERY,154873.49
A25,2004-02-28,TRAIN TICKET,205987.83
A25,2004-05-07,JEWELLERY,128793.37
A25,2004-05-28,JEWELLERY,277274.22
A25,2004-07-03,CAMERA,206823.3
A25,2004-09-03,JEWELLERY,126931.94
A25,2004-11-20,BIKE,285920.94
A25,2004-02-03,BIKE,402518.16
A25,2004-02-03,BIKE,263854.61
A25,2004-03-05,TRAIN TICKET,427077.54
A25,2004-03-26,PETROL,498505.03
A25,2004-03-30,BUS TICKET,198472.97
A25,2004-04-02,SHOPPING,428879.43
A25,2004-04-04,PETROL,40536.92
A25,2004-04-30,FOOD,344070.77
A25,2004-07-03,TRAIN TICKET,198030.12
A25,2004-09-03,MOVIE TICKET,92798.13
A26,2004-01-03,SHOPPING,279048.0
A26,2004-01-12,CLOTHES,375306.52
A26,2004-01-15,CLOTHES,362560.44
A26,2004-01-15,SHOPPING,261692.39
A26,2004-04-25,FOOD,231655.43
A26,2004-01-17,PETROL,282318.78
A26,2004-01-17,PETROL,361523.06
A26,2004-02-16,TRAIN TICKET,415678.79
A26,2004-02-23,SHOPPING,80955.58
A26,2004-02-23,JEWELLERY,305465.61
A26,2004-04-04,TRAIN TICKET,470973.98
A26,2004-04-27,TRAIN TICKET,257300.05
A26,2004-05-24,AIR TICKET,134345.91
A26,2004-05-29,PETROL,263742.81
A26,2004-08-03,SHOPPING,296347.74
A26,2004-10-03,PETROL,221293.03
A26,2004-02-04,PETROL,414605.84
A26,2004-03-03,AUTO,303420.33
A26,2004-03-03,AUTO,25432.18
A26,2004-03-27,PETROL,21927.17
A26,2004-03-31,TRAIN TICKET,342428.74
A26,2004-04-03,SHOPPING,492859.63
A26,2004-05-06,CAR,6588.51
A26,2004-05-08,PETROL,463993.83
A26,2004-08-03,TRAIN TICKET,35327.74
A26,2004-10-03,JEWELLERY,108244.31
A26,2004-11-21,AUTO,61353.41
A27,2004-01-03,FOOD,469890.94
A27,2004-01-12,FOOD,197421.53
A27,2004-01-15,SHOPPING,80025.92
A27,2004-01-25,AIR TICKET,97871.07
A27,2004-05-05,RENTAL,14664.26
A27,2004-02-01,AIR TICKET,495380.87
A27,2004-02-01,JEWELLERY,15119.02
A27,2004-02-23,PETROL,492311.93
A27,2004-02-23,TRAIN TICKET,352374.29
A27,2004-02-23,PETROL,471034.84
A27,2004-05-07,BIKE,275144.42
A27,2004-05-09,CLOTHES,182736.3
A27,2004-05-25,AIR TICKET,177658.85
A27,2004-05-30,CLOTHES,204785.22
A27,2004-09-03,AIR TICKET,230322.18
A27,2004-11-03,CLOTHES,489749.85
A27,2004-11-22,SHOPPING,354327.81
A27,2004-03-25,CLOTHES,176726.17
A27,2004-03-28,PETROL,339194.54
A27,2004-04-01,RENTAL,8752.13
A27,2004-04-03,SHOPPING,352918.66
A27,2004-04-03,SHOPPING,61135.65
A27,2004-04-04,SHOPPING,218927.78
A27,2004-04-19,FOOD,462854.42
A27,2004-04-30,TRAIN TICKET,369725.38
A27,2004-09-03,TRAIN TICKET,43209.23
A27,2004-11-03,PETROL,313971.93
A28,2004-01-03,CAMERA,244467.34
A28,2004-01-12,BUS TICKET,262616.72
A28,2004-01-12,SHOPPING,358051.32
A28,2004-01-12,SHOPPING,161855.12
A28,2004-01-15,CAMERA,386576.93
A28,2004-02-05,BUS TICKET,433938.24
A28,2004-02-05,JEWELLERY,343726.4
A28,2004-04-06,FOOD,81892.36
A28,2004-04-25,TRAIN TICKET,127611.72
A28,2004-11-23,AIR TICKET,14366.69
A28,2004-02-01,PETROL,273388.83
A28,2004-02-01,PETROL,116750.34
A28,2004-02-03,TRAIN TICKET,271961.53
A28,2004-05-26,AIR TICKET,264368.37
A28,2004-05-31,FOOD,3411.29
A28,2004-10-03,BUS TICKET,73160.06
A28,2004-12-03,FOOD,237335.43
A28,2004-03-29,PETROL,371352.88
A28,2004-03-31,FOOD,414189.28
A28,2004-04-02,MOVIE TICKET,281679.6
A28,2004-05-03,AIR TICKET,173633.94
A28,2004-05-03,AIR TICKET,275438.49
A28,2004-05-06,MOVIE TICKET,369866.99
A28,2004-05-08,AUTO,66432.37
A28,2004-05-10,FOOD,232686.75
A28,2004-10-03,TRAIN TICKET,212421.86
A28,2004-12-03,PETROL,338008.71
A29,2004-01-03,TRAIN TICKET,21684.16
A29,2004-01-03,SHOPPING,438791.16
A29,2004-01-03,SHOPPING,426277.52
A29,2004-01-12,PETROL,20495.38
A29,2004-01-15,SANDALS,228925.08
A29,2004-01-25,CAMERA,218170.12
A29,2004-02-05,PETROL,229011.5
A29,2004-02-05,PETROL,278863.0
A29,2004-02-28,TRAIN TICKET,97453.58
A29,2004-02-28,JEWELLERY,93340.75
A29,2004-04-27,FOOD,240214.02
A29,2004-05-07,JEWELLERY,233184.94
A29,2004-05-09,SHOPPING,18877.48
A29,2004-05-24,BUS TICKET,265848.39
A29,2004-05-27,AIR TICKET,154259.1
A29,2004-06-01,CAMERA,54620.12
A29,2004-11-03,TRAIN TICKET,206606.23
A29,2004-01-03,CAMERA,368454.1
A29,2004-02-04,TRAIN TICKET,162812.94
A29,2004-03-23,CAMERA,443887.97
A29,2004-03-30,PETROL,222353.74
A29,2004-04-03,JEWELLERY,311908.5
A29,2004-04-19,TRAIN TICKET,46537.12
A29,2004-06-03,BUS TICKET,443364.31
A29,2004-06-03,BUS TICKET,169355.0
A29,2004-07-11,FOOD,240514.39
A29,2004-11-03,TRAIN TICKET,390356.14
A3,2004-01-03,MOVIE TICKET,368574.41
A3,2004-01-15,MOVIE TICKET,418202.62
A3,2004-02-16,TRAIN TICKET,194358.94
A3,2004-04-27,TRAIN TICKET,94389.66
A3,2004-05-07,RENTAL,285184.71
A3,2004-05-24,PETROL,183707.24
A3,2004-10-03,PETROL,445534.57
A3,2004-02-04,CLOTHES,384693.67
A3,2004-03-25,FOOD,418516.31
A3,2004-04-04,MOVIE TICKET,16375.23
A3,2004-12-03,JEWELLERY,491710.5
A30,2004-01-03,PETROL,130672.52
A30,2004-01-12,CAMERA,217223.51
A30,2004-01-15,RENTAL,225054.24
A30,2004-01-15,SHOPPING,67694.98
A30,2004-01-15,SHOPPING,303464.1
A30,2004-01-25,CAR,185370.01
A30,2004-04-06,TRAIN TICKET,128905.28
A30,2004-05-05,FOOD,114221.97
A30,2004-02-16,RENTAL,172882.73
A30,2004-02-16,JEWELLERY,59948.79
A30,2004-02-28,PETROL,15151.26
A30,2004-02-28,PETROL,36965.64
A30,2004-05-25,TRAIN TICKET,62187.18
A30,2004-05-28,AIR TICKET,128715.82
A30,2004-06-02,CAMERA,191424.9
A30,2004-08-12,FOOD,29810.73
A30,2004-12-03,RENTAL,720.3
A30,2004-02-03,BIKE,398239.13
A30,2004-03-24,SANDALS,386921.68
A30,2004-03-25,TRAIN TICKET,326629.15
A30,2004-03-31,PETROL,301277.49
A30,2004-04-04,PETROL,199351.04
A30,2004-05-08,PETROL,418068.11
A30,2004-05-10,AIR TICKET,24399.98
A30,2004-07-03,TRAIN TICKET,486794.37
A30,2004-07-03,TRAIN TICKET,485008.0
A30,2004-12-03,TRAIN TICKET,26024.81
A31,2004-01-15,PETROL,320380.04
A31,2004-01-25,MOVIE TICKET,137518.83
A31,2004-01-25,SHOPPING,165171.24
A31,2004-01-25,SHOPPING,237308.95
A31,2004-09-13,FOOD,263890.87
A31,2004-02-23,MOVIE TICKET,365289.56
A31,2004-02-23,JEWELLERY,397203.8
A31,2004-05-26,RENTAL,471605.19
A31,2004-01-03,MOVIE TICKET,66243.39
A31,2004-03-25,CAR,395334.34
A31,2004-04-01,PETROL,144778.97
A31,2004-05-06,FOOD,129742.89
A31,2004-07-11,BUS TICKET,272112.42
A31,2004-08-03,RENTAL,85382.67
A32,2004-01-12,JEWELLERY,216864.52
A32,2004-01-12,SHOPPING,209872.62
A32,2004-01-25,PETROL,415157.13
A32,2004-01-17,SHOPPING,316103.34
A32,2004-02-03,JEWELLERY,159777.48
A32,2004-02-03,JEWELLERY,354837.8
A32,2004-05-07,FOOD,244776.66
A32,2004-05-27,MOVIE TICKET,176437.12
A32,2004-08-12,TRAIN TICKET,126461.49
A32,2004-11-20,FOOD,368599.3
A32,2004-02-03,BIKE,199609.77
A32,2004-03-26,BIKE,35500.21
A32,2004-04-02,PETROL,433634.64
A32,2004-09-03,MOVIE TICKET,27775.52
A33,2004-01-03,PETROL,138421.11
A33,2004-01-03,SHOPPING,81844.83
A33,2004-09-13,RENTAL,226271.97
A33,2004-01-17,PETROL,200640.88
A33,2004-02-23,SHOPPING,165592.71
A33,2004-05-28,JEWELLERY,336485.62
A33,2004-02-04,PETROL,463760.44
A33,2004-02-04,JEWELLERY,125000.86
A33,2004-03-03,AUTO,248230.74
A33,2004-03-27,AUTO,48100.54
A33,2004-04-03,PETROL,454644.63
A33,2004-05-08,FOOD,204502.0
A33,2004-10-03,JEWELLERY,279027.95
A33,2004-11-21,FOOD,23275.87
A34,2004-01-15,CLOTHES,466544.83
A34,2004-01-15,SHOPPING,465597.89
A34,2004-02-01,SHOPPING,6253.94
A34,2004-02-23,PETROL,138620.27
A34,2004-05-09,FOOD,498239.75
A34,2004-05-29,PETROL,183735.91
A34,2004-11-20,MOVIE TICKET,109129.96
A34,2004-11-22,FOOD,85859.39
A34,2004-03-25,CLOTHES,82968.84
A34,2004-03-25,PETROL,440358.09
A34,2004-03-28,SHOPPING,375766.56
A34,2004-04-03,SHOPPING,233589.9
A34,2004-04-04,PETROL,133722.6
A34,2004-11-03,PETROL,153867.24
A35,2004-01-12,FOOD,186372.92
A35,2004-01-12,PETROL,91775.55
A35,2004-01-25,SHOPPING,204078.13
A35,2004-02-05,SHOPPING,335390.18
A35,2004-11-23,FOOD,391870.74
A35,2004-02-01,PETROL,476580.37
A35,2004-05-30,CLOTHES,362301.38
A35,2004-03-29,AIR TICKET,225983.14
A35,2004-03-31,FOOD,450148.29
A35,2004-03-31,CLOTHES,446737.37
A35,2004-05-03,AIR TICKET,65398.35
A35,2004-05-10,FOOD,136751.65
A35,2004-11-21,CAMERA,156630.14
A35,2004-12-03,CLOTHES,218106.45
A36,2004-01-03,CAMERA,287005.59
A36,2004-01-03,PETROL,224627.37
A36,2004-01-12,FOOD,307709.66
A36,2004-01-12,SHOPPING,203440.77
A36,2004-01-12,CLOTHES,162661.94
A36,2004-01-15,CLOTHES,78835.86
A36,2004-01-25,AIR TICKET,299214.61
A36,2004-02-05,PETROL,116596.73
A36,2004-02-05,AIR TICKET,182487.8
A36,2004-11-23,BIKE,348426.37
A36,2004-11-23,BUS TICKET,346942.78
A36,2004-02-01,AIR TICKET,462544.44
A36,2004-02-01,AIR TICKET,229724.45
A36,2004-02-28,SHOPPING,286964.08
A36,2004-05-09,CLOTHES,408892.04
A36,2004-05-24,FOOD,496072.76
A36,2004-05-30,PETROL,441375.6
A36,2004-05-31,FOOD,122617.61
A36,2004-09-03,AIR TICKET,185913.62
A36,2004-11-22,SANDALS,200228.1
A36,2004-03-23,CAMERA,459204.63
A36,2004-03-23,FOOD,356399.69
A36,2004-03-25,CLOTHES,402971.3
A36,2004-03-28,FOOD,418646.15
A36,2004-03-30,BUS TICKET,417162.64
A36,2004-03-31,CLOTHES,407852.39
A36,2004-04-03,BIKE,8391.95
A36,2004-04-19,AIR TICKET,119232.67
A36,2004-06-03,BUS TICKET,96813.59
A36,2004-07-11,FOOD,251373.69
A36,2004-12-03,RENTAL,226412.38
A37,2004-01-03,FOOD,27976.77
A37,2004-01-03,SHOPPING,163076.96
A37,2004-01-03,FOOD,259198.87
A37,2004-01-12,RENTAL,77900.29
A37,2004-01-12,BUS TICKET,341536.68
A37,2004-01-12,FOOD,325716.97
A37,2004-01-15,SANDALS,229465.95
A37,2004-01-15,CAMERA,111107.26
A37,2004-02-05,BUS TICKET,235526.84
A37,2004-02-05,AIR TICKET,111152.18
A37,2004-03-19,CAMERA,77428.8
A37,2004-04-06,BUS TICKET,87633.92
A37,2004-11-23,CAR,139814.59
A37,2004-02-16,SHOPPING,86990.79
A37,2004-02-28,PETROL,19802.37
A37,2004-02-28,BUS TICKET,281169.07
A37,2004-05-24,BIKE,284117.93
A37,2004-05-24,BUS TICKET,465683.38
A37,2004-05-25,FOOD,150148.45
A37,2004-05-31,PETROL,972.66
A37,2004-06-01,CAMERA,50235.89
A37,2004-08-12,FOOD,241311.1
A37,2004-10-03,AIR TICKET,223294.32
A37,2004-03-23,FOOD,275710.82
A37,2004-03-24,SANDALS,74094.38
A37,2004-03-29,FOOD,31471.75
A37,2004-03-31,TRAIN TICKET,26581.48
A37,2004-03-31,CLOTHES,360275.66
A37,2004-05-03,AUTO,53750.45
A37,2004-05-10,FOOD,44387.34
A37,2004-07-03,TRAIN TICKET,458678.35
A38,2004-01-03,RENTAL,85689.3
A38,2004-01-03,TRAIN TICKET,274060.46
A38,2004-01-03,CAMERA,447673.43
A38,2004-01-15,FOOD,275556.49
A38,2004-01-15,BUS TICKET,404751.72
A38,2004-01-15,FOOD,320874.38
A38,2004-01-25,CAR,228125.55
A38,2004-01-25,CAMERA,107911.83
A38,2004-03-19,CAMERA,427931.8
A38,2004-09-13,FOOD,417226.49
A38,2004-02-16,PETROL,63717.23
A38,2004-02-16,TRAIN TICKET,219484.22
A38,2004-02-23,SHOPPING,185013.36
A38,2004-02-28,TRAIN TICKET,226426.44
A38,2004-02-28,AIR TICKET,397634.72
A38,2004-04-27,TRAIN TICKET,136185.87
A38,2004-05-24,BIKE,376872.51
A38,2004-05-25,BIKE,110111.28
A38,2004-05-25,BUS TICKET,388061.14
A38,2004-05-26,FOOD,280245.71
A38,2004-06-01,PETROL,466143.7
A38,2004-06-02,CAMERA,295174.49
A38,2004-11-03,AIR TICKET,140330.7
A38,2004-03-05,CAMERA,414549.6
A38,2004-03-23,CLOTHES,240838.12
A38,2004-03-25,CAR,244200.96
A38,2004-03-30,FOOD,338873.06
A38,2004-04-01,RENTAL,407739.24
A38,2004-06-03,SHOPPING,467923.97
A38,2004-07-11,CAMERA,412599.88
A38,2004-08-03,RENTAL,300875.97
A39,2004-01-12,CAMERA,288144.81
A39,2004-01-15,RENTAL,114900.36
A39,2004-01-15,RENTAL,452489.19
A39,2004-01-15,SANDALS,152794.71
A39,2004-01-25,FOOD,355377.41
A39,2004-01-25,BUS TICKET,464383.08
A39,2004-01-25,FOOD,100800.94
A39,2004-05-05,RENTAL,197783.17
A39,2004-01-17,BIKE,167209.08
A39,2004-02-03,SHOPPING,353921.93
A39,2004-02-16,RENTAL,239709.3
A39,2004-02-16,AIR TICKET,211569.74
A39,2004-02-23,PETROL,341861.45
A39,2004-02-23,RENTAL,120381.64
A39,2004-04-04,CAMERA,116922.75
A39,2004-05-25,AUTO,117691.42
A39,2004-05-26,BIKE,55927.32
A39,2004-05-26,BUS TICKET,482512.25
A39,2004-05-27,FOOD,403778.62
A39,2004-06-02,PETROL,91321.57
A39,2004-06-03,CAMERA,304014.76
A39,2004-08-12,SANDALS,398772.94
A39,2004-11-20,FOOD,60263.41
A39,2004-12-03,AIR TICKET,65578.12
A39,2004-03-05,CAMERA,130074.01
A39,2004-03-24,CLOTHES,304227.82
A39,2004-03-26,BIKE,485795.37
A39,2004-03-31,FOOD,416672.65
A39,2004-04-02,MOVIE TICKET,324081.7
A39,2004-07-03,AIR TICKET,250483.5
A39,2004-09-03,MOVIE TICKET,181063.2
A4,2004-01-12,PETROL,35293.85
A4,2004-01-12,JEWELLERY,130804.05
A4,2004-01-15,JEWELLERY,43757.56
A4,2004-01-25,JEWELLERY,273400.75
A4,2004-05-05,RENTAL,104771.98
A4,2004-02-23,TRAIN TICKET,184352.72
A4,2004-05-25,PETROL,31107.95
A4,2004-11-03,CLOTHES,23040.07
A4,2004-03-25,CLOTHES,181142.29
A4,2004-03-31,FOOD,466690.74
A4,2004-05-08,MOVIE TICKET,497348.05
A40,2004-01-03,CAMERA,34362.04
A40,2004-01-12,BUS TICKET,330806.43
A40,2004-01-12,FOOD,66602.49
A40,2004-01-25,RENTAL,403947.27
A40,2004-01-25,MOVIE TICKET,430315.13
A40,2004-01-25,CAR,472337.13
A40,2004-09-13,CAR,129309.31
A40,2004-01-17,FOOD,292527.95
A40,2004-02-03,PETROL,424777.36
A40,2004-02-03,MOVIE TICKET,392953.14
A40,2004-02-23,AUTO,420236.51
A40,2004-02-23,MOVIE TICKET,490796.93
A40,2004-02-23,BUS TICKET,376766.34
A40,2004-04-04,CAMERA,324128.5
A40,2004-05-26,SHOPPING,227791.62
A40,2004-05-27,BIKE,31688.89
A40,2004-05-27,BUS TICKET,338275.82
A40,2004-05-28,FOOD,186138.24
A40,2004-06-03,PETROL,422086.33
A40,2004-07-03,CAMERA,129401.85
A40,2004-01-03,AIR TICKET,376503.24
A40,2004-02-04,SHOPPING,499270.0
A40,2004-03-25,CLOTHES,457306.26
A40,2004-03-27,AUTO,99353.97
A40,2004-04-01,FOOD,236231.22
A40,2004-04-03,JEWELLERY,145012.68
A40,2004-04-30,CAMERA,433536.56
A40,2004-05-06,MOVIE TICKET,367109.58
A40,2004-08-03,BUS TICKET,204066.99
A40,2004-10-03,JEWELLERY,191356.83
A40,2004-11-21,AUTO,126871.99
A41,2004-01-03,BUS TICKET,342592.96
A41,2004-01-03,FOOD,433783.86
A41,2004-01-12,JEWELLERY,285659.5
A41,2004-01-15,SHOPPING,43992.58
A41,2004-04-25,SHOPPING,113880.35
A41,2004-01-17,CAMERA,450578.23
A41,2004-01-17,BIKE,349764.68
A41,2004-02-01,SHOPPING,101106.11
A41,2004-02-03,JEWELLERY,309443.8
A41,2004-02-03,TRAIN TICKET,42447.06
A41,2004-02-23,FOOD,263480.57
A41,2004-05-07,JEWELLERY,186647.63
A41,2004-05-27,AIR TICKET,359764.34
A41,2004-05-28,BIKE,224579.57
A41,2004-05-28,BUS TICKET,138408.27
A41,2004-05-29,FOOD,60304.43
A41,2004-07-03,PETROL,44439.64
A41,2004-08-03,SHOPPING,205957.68
A41,2004-11-20,BIKE,488800.78
A41,2004-11-22,SHOPPING,456924.22
A41,2004-02-03,AIR TICKET,143916.94
A41,2004-02-04,PETROL,194545.21
A41,2004-02-04,JEWELLERY,90834.52
A41,2004-03-25,SHOPPING,490167.49
A41,2004-03-26,CLOTHES,60184.03
A41,2004-03-28,SHOPPING,85819.67
A41,2004-04-02,FOOD,147603.88
A41,2004-04-04,PETROL,131174.73
A41,2004-04-30,CAMERA,332435.42
A41,2004-09-03,TRAIN TICKET,302730.7
A41,2004-11-03,PETROL,192444.32
A42,2004-01-03,PETROL,296594.65
A42,2004-01-12,CLOTHES,141563.54
A42,2004-01-15,BUS TICKET,154567.49
A42,2004-01-15,FOOD,404252.34
A42,2004-01-25,AIR TICKET,453509.16
A42,2004-02-05,AIR TICKET,286098.09
A42,2004-04-25,SHOPPING,206593.28
A42,2004-11-23,AIR TICKET,372728.16
A42,2004-02-01,FOOD,7893.31
A42,2004-02-23,SHOPPING,76038.08
A42,2004-02-23,AUTO,191608.25
A42,2004-05-28,BUS TICKET,217211.47
A42,2004-05-29,BIKE,453314.4
A42,2004-05-29,BUS TICKET,417365.17
A42,2004-05-30,FOOD,43753.68
A42,2004-08-03,PETROL,255916.9
A42,2004-09-03,AIR TICKET,472948.31
A42,2004-02-04,PETROL,321649.02
A42,2004-02-04,RENTAL,445304.14
A42,2004-03-03,AIR TICKET,83976.45
A42,2004-03-25,PETROL,430388.48
A42,2004-03-25,PETROL,135385.11
A42,2004-03-27,CLOTHES,122304.99
A42,2004-03-29,AIR TICKET,144988.11
A42,2004-03-31,SHOPPING,294468.59
A42,2004-04-03,RENTAL,84931.16
A42,2004-04-19,AIR TICKET,80126.02
A42,2004-05-08,PETROL,326633.49
A42,2004-10-03,RENTAL,78453.76
A42,2004-11-21,AUTO,75620.93
A42,2004-12-03,PETROL,40039.21
A43,2004-01-03,FOOD,330665.44
A43,2004-01-12,PETROL,184196.36
A43,2004-01-12,BUS TICKET,2050.46
A43,2004-01-12,BUS TICKET,315666.16
A43,2004-01-15,CLOTHES,172171.32
A43,2004-01-25,FOOD,114273.79
A43,2004-02-05,FOOD,233725.77
A43,2004-04-06,BUS TICKET,45776.33
A43,2004-02-01,AIR TICKET,407946.59
A43,2004-02-01,SHOPPING,6445.55
A43,2004-02-28,BUS TICKET,15396.69
A43,2004-05-09,CLOTHES,425029.19
A43,2004-05-24,BUS TICKET,443217.84
A43,2004-05-29,TRAIN TICKET,162417.22
A43,2004-05-30,BIKE,226498.33
A43,2004-05-30,CAMERA,182523.86
A43,2004-05-31,FOOD,267999.1
A43,2004-09-03,PETROL,74702.68
A43,2004-10-03,BUS TICKET,226901.89
A43,2004-11-22,SHOPPING,348851.17
A43,2004-03-23,FOOD,119462.84
A43,2004-03-25,CLOTHES,399124.6
A43,2004-03-25,MOVIE TICKET,132133.11
A43,2004-03-28,CLOTHES,446363.89
A43,2004-03-30,AIR TICKET,103998.18
A43,2004-03-31,PETROL,179004.8
A43,2004-03-31,CLOTHES,388075.64
A43,2004-04-03,AIR TICKET,8806.98
A43,2004-04-04,MOVIE TICKET,458181.61
A43,2004-04-19,AIR TICKET,35700.4
A43,2004-11-03,MOVIE TICKET,250480.13
A44,2004-01-03,PETROL,356066.71
A44,2004-01-03,TRAIN TICKET,151668.91
A44,2004-01-03,CAMERA,146353.74
A44,2004-01-12,FOOD,8515.14
A44,2004-01-12,FOOD,363995.73
A44,2004-01-12,JEWELLERY,150962.18
A44,2004-01-15,CAMERA,351400.14
A44,2004-02-05,BUS TICKET,340544.62
A44,2004-02-05,AIR TICKET,53951.61
A44,2004-03-19,CAMERA,177733.11
A44,2004-04-06,BUS TICKET,260128.03
A44,2004-11-23,AIR TICKET,147669.99
A44,2004-02-16,TRAIN TICKET,250251.61
A44,2004-02-28,FOOD,56057.23
A44,2004-04-27,TRAIN TICKET,67106.22
A44,2004-05-25,BUS TICKET,200964.95
A44,2004-05-30,RENTAL,188171.64
A44,2004-05-31,BIKE,121469.49
A44,2004-05-31,SHOPPING,42313.6
A44,2004-06-01,FOOD,361272.59
A44,2004-10-03,PETROL,64615.46
A44,2004-11-03,TRAIN TICKET,143938.47
A44,2004-03-23,CAMERA,32196.69
A44,2004-03-23,FOOD,415876.54
A44,2004-03-29,CLOTHES,259755.18
A44,2004-03-31,AIR TICKET,226635.78
A44,2004-03-31,FOOD,115314.35
A44,2004-03-31,JEWELLERY,219556.74
A44,2004-05-03,AIR TICKET,140018.81
A44,2004-05-10,FOOD,461242.82
A44,2004-12-03,JEWELLERY,313591.17
A45,2004-01-03,FOOD,74516.8
A45,2004-01-03,CAMERA,241139.52
A45,2004-01-03,PETROL,395544.28
A45,2004-01-12,PETROL,210905.85
A45,2004-01-15,PETROL,75573.11
A45,2004-01-15,RENTAL,161573.42
A45,2004-01-15,SANDALS,125247.8
A45,2004-01-25,CAMERA,411426.41
A45,2004-03-19,CAMERA,103174.87
A45,2004-05-05,RENTAL,164774.87
A45,2004-02-16,FOOD,9284.48
A45,2004-02-23,RENTAL,186323.02
A45,2004-02-28,TRAIN TICKET,228660.27
A45,2004-02-28,BUS TICKET,300960.46
A45,2004-04-27,TRAIN TICKET,135514.74
A45,2004-05-24,BUS TICKET,393767.3
A45,2004-05-26,BUS TICKET,73482.96
A45,2004-05-31,MOVIE TICKET,365725.04
A45,2004-06-01,CAMERA,491753.36
A45,2004-06-01,AIR TICKET,443959.84
A45,2004-06-02,CAMERA,294119.36
A45,2004-11-03,PETROL,131096.88
A45,2004-12-03,RENTAL,363792.42
A45,2004-03-05,CAMERA,145143.35
A45,2004-03-23,CAMERA,423533.99
A45,2004-03-23,JEWELLERY,298900.61
A45,2004-03-24,SANDALS,95884.95
A45,2004-03-30,CLOTHES,264508.2
A45,2004-04-01,AIR TICKET,124341.01
A45,2004-06-03,AIR TICKET,7553.18
A45,2004-07-11,CAMERA,248061.75
A46,2004-01-03,CLOTHES,53907.13
A46,2004-01-12,CAMERA,494080.27
A46,2004-01-15,FOOD,221086.85
A46,2004-01-15,SANDALS,48389.14
A46,2004-01-15,CLOTHES,107439.53
A46,2004-01-25,PETROL,267131.45
A46,2004-01-25,MOVIE TICKET,19186.72
A46,2004-01-25,CAR,327551.25
A46,2004-03-19,JEWELLERY,468872.11
A46,2004-05-05,RENTAL,126813.36
A46,2004-02-03,MOVIE TICKET,358660.69
A46,2004-02-16,RENTAL,34784.32
A46,2004-02-16,TRAIN TICKET,330132.62
A46,2004-02-23,FOOD,260023.41
A46,2004-04-04,CAMERA,424045.33
A46,2004-05-25,TRAIN TICKET,344405.24
A46,2004-05-27,BUS TICKET,129951.4
A46,2004-06-01,JEWELLERY,319538.35
A46,2004-06-02,CAMERA,290725.04
A46,2004-06-02,BUS TICKET,139519.21
A46,2004-06-03,CAMERA,233861.96
A46,2004-08-12,SANDALS,444175.51
A46,2004-12-03,PETROL,223902.41
A46,2004-01-03,MOVIE TICKET,126649.31
A46,2004-03-05,CAMERA,324481.71
A46,2004-03-24,SANDALS,395743.23
A46,2004-03-25,CAR,284500.68
A46,2004-03-31,TRAIN TICKET,467881.05
A46,2004-04-02,AIR TICKET,124053.97
A46,2004-05-06,MOVIE TICKET,107131.99
A46,2004-07-03,AIR TICKET,191003.23
A47,2004-01-03,CAMERA,283770.39
A47,2004-01-12,JEWELLERY,314699.51
A47,2004-01-15,CLOTHES,499793.49
A47,2004-01-25,FOOD,60074.98
A47,2004-01-25,CAR,167204.15
A47,2004-01-25,FOOD,321181.13
A47,2004-09-13,CAR,411196.65
A47,2004-01-17,PETROL,491157.84
A47,2004-01-17,BIKE,480083.72
A47,2004-02-03,FOOD,388917.17
A47,2004-02-23,MOVIE TICKET,474320.8
A47,2004-02-23,TRAIN TICKET,89297.76
A47,2004-04-04,CAMERA,339582.17
A47,2004-05-07,JEWELLERY,113393.97
A47,2004-05-26,RENTAL,388218.55
A47,2004-05-28,BUS TICKET,241188.76
A47,2004-06-02,PETROL,193736.65
A47,2004-06-03,CAMERA,187801.98
A47,2004-06-03,TRAIN TICKET,293023.11
A47,2004-07-03,CAMERA,198756.63
A47,2004-01-03,PETROL,175283.18
A47,2004-02-03,BIKE,183569.21
A47,2004-02-04,JEWELLERY,229296.58
A47,2004-03-05,JEWELLERY,51935.69
A47,2004-03-25,CAR,207519.72
A47,2004-03-26,BIKE,268828.1
A47,2004-04-01,RENTAL,80959.08
A47,2004-04-03,AIR TICKET,18323.16
A47,2004-04-30,CAMERA,193276.02
A47,2004-05-06,MOVIE TICKET,161515.46
A47,2004-08-03,AIR TICKET,380701.19
A48,2004-01-03,JEWELLERY,406928.06
A48,2004-01-12,FOOD,378804.82
A48,2004-01-12,CAMERA,268465.71
A48,2004-01-15,SHOPPING,282045.39
A48,2004-01-25,CLOTHES,124515.22
A48,2004-04-25,SHOPPING,34982.74
A48,2004-01-17,BIKE,28569.09
A48,2004-02-03,JEWELLERY,23181.87
A48,2004-02-03,TRAIN TICKET,360016.22
A48,2004-02-23,PETROL,119154.53
A48,2004-02-23,AUTO,372088.27
A48,2004-04-04,JEWELLERY,218304.93
A48,2004-05-07,JEWELLERY,252266.14
A48,2004-05-27,MOVIE TICKET,258540.55
A48,2004-05-29,BUS TICKET,426614.08
A48,2004-06-03,CLOTHES,433240.56
A48,2004-07-03,CAMERA,332536.0
A48,2004-07-03,RENTAL,377531.79
A48,2004-08-03,SHOPPING,49510.0
A48,2004-11-20,BIKE,403772.02
A48,2004-02-03,BIKE,177739.28
A48,2004-02-04,FOOD,317908.41
A48,2004-03-03,AUTO,65503.17
A48,2004-03-25,PETROL,266398.58
A48,2004-03-26,BIKE,20190.85
A48,2004-03-27,AUTO,307106.39
A48,2004-04-02,MOVIE TICKET,325305.43
A48,2004-04-04,PETROL,247521.54
A48,2004-04-30,CAMERA,99760.02
A48,2004-05-08,PETROL,219878.43
A48,2004-09-03,AIR TICKET,34763.1
A49,2004-01-03,FOOD,210344.43
A49,2004-01-03,CAMERA,144163.36
A49,2004-01-12,CLOTHES,40475.02
A49,2004-01-15,JEWELLERY,345729.19
A49,2004-01-25,SHOPPING,386653.87
A49,2004-04-25,SHOPPING,423754.26
A49,2004-01-17,CLOTHES,104533.09
A49,2004-02-01,PETROL,386104.28
A49,2004-02-01,SHOPPING,183749.38
A49,2004-02-23,AUTO,202133.43
A49,2004-05-09,CLOTHES,19535.76
A49,2004-05-28,JEWELLERY,189462.58
A49,2004-05-30,CLOTHES,157365.53
A49,2004-07-03,FOOD,93689.16
A49,2004-08-03,SHOPPING,65101.88
A49,2004-08-03,MOVIE TICKET,251942.06
A49,2004-09-03,AIR TICKET,235659.19
A49,2004-02-04,PETROL,482868.15
A49,2004-02-04,TRAIN TICKET,327690.67
A49,2004-03-03,AUTO,187052.06
A49,2004-03-25,PETROL,246967.66
A49,2004-03-27,AUTO,166890.16
A49,2004-03-28,SHOPPING,440051.52
A49,2004-03-31,CLOTHES,455338.45
A49,2004-04-03,SHOPPING,101649.18
A49,2004-04-03,JEWELLERY,308092.12
A49,2004-04-19,AIR TICKET,299401.37
A49,2004-04-30,JEWELLERY,496680.91
A49,2004-05-08,PETROL,147107.51
A49,2004-10-03,JEWELLERY,431106.59
A49,2004-11-21,AUTO,110234.83
A5,2004-01-03,CLOTHES,143057.63
A5,2004-01-03,PETROL,399316.12
A5,2004-01-03,FOOD,326052.18
A5,2004-01-12,PETROL,272700.86
A5,2004-01-12,PETROL,122573.12
A5,2004-02-03,TRAIN TICKET,125817.82
A5,2004-02-28,CLOTHES,359966.31
A5,2004-05-09,JEWELLERY,161445.71
A5,2004-05-25,PETROL,283338.48
A5,2004-05-26,PETROL,384309.63
A5,2004-12-03,FOOD,230668.23
A5,2004-03-03,AIR TICKET,10763.44
A5,2004-03-23,FOOD,244557.11
A5,2004-03-31,CLOTHES,42224.84
A5,2004-04-03,CAR,165218.48
A5,2004-04-30,RENTAL,42483.81
A5,2004-05-06,MOVIE TICKET,413858.41
A50,2004-01-15,CLOTHES,274264.14
A50,2004-01-15,CAMERA,429836.26
A50,2004-04-25,JEWELLERY,333534.98
A50,2004-02-01,SHOPPING,403456.53
A50,2004-02-23,CLOTHES,285724.8
A50,2004-05-09,PETROL,113481.37
A50,2004-05-29,PETROL,194148.58
A50,2004-08-03,CAMERA,315690.47
A50,2004-09-03,AIR TICKET,8168.97
A50,2004-09-03,MOVIE TICKET,82299.94
A50,2004-11-22,SHOPPING,378836.14
A50,2004-03-25,CLOTHES,316407.9
A50,2004-03-25,TRAIN TICKET,67583.69
A50,2004-03-28,SHOPPING,8973.11
A50,2004-04-03,SHOPPING,278131.32
A50,2004-04-04,PETROL,230134.29
A50,2004-04-19,AIR TICKET,54611.14
A50,2004-11-03,PETROL,334520.52
A51,2004-01-12,FOOD,27864.41
A51,2004-01-12,CLOTHES,485688.73
A51,2004-01-25,CAMERA,443043.39
A51,2004-02-05,AIR TICKET,260844.61
A51,2004-04-06,BUS TICKET,50547.17
A51,2004-11-23,AIR TICKET,339077.11
A51,2004-02-01,CLOTHES,442353.98
A51,2004-05-30,PETROL,191971.9
A51,2004-09-03,SANDALS,249496.99
A51,2004-10-03,BUS TICKET,147529.24
A51,2004-10-03,MOVIE TICKET,21787.94
A51,2004-03-29,AIR TICKET,12330.03
A51,2004-03-31,FOOD,101223.17
A51,2004-03-31,TRAIN TICKET,89571.94
A51,2004-04-19,JEWELLERY,144892.7
A51,2004-05-03,AIR TICKET,189714.74
A51,2004-05-10,PETROL,240102.81
A51,2004-12-03,CLOTHES,338487.58
A52,2004-01-03,CAMERA,297279.72
A52,2004-01-03,FOOD,313374.22
A52,2004-01-12,FOOD,178238.22
A52,2004-01-12,SHOPPING,313571.0
A52,2004-02-05,CLOTHES,290123.86
A52,2004-04-06,JEWELLERY,91769.02
A52,2004-02-28,BUS TICKET,307330.8
A52,2004-04-27,TRAIN TICKET,384129.51
A52,2004-05-24,AIR TICKET,313351.15
A52,2004-05-31,PETROL,489352.86
A52,2004-10-03,CAR,50877.1
A52,2004-11-03,TRAIN TICKET,83386.16
A52,2004-11-03,MOVIE TICKET,258132.93
A52,2004-03-23,CAMERA,498834.63
A52,2004-03-23,TRAIN TICKET,336196.48
A52,2004-03-30,BUS TICKET,197099.53
A52,2004-06-03,BUS TICKET,40531.37
A52,2004-07-11,PETROL,280150.49
A53,2004-01-03,CAMERA,431043.38
A53,2004-01-03,AIR TICKET,461071.15
A53,2004-01-15,SANDALS,19618.01
A53,2004-01-15,CAMERA,213228.84
A53,2004-03-19,TRAIN TICKET,63888.88
A53,2004-05-05,RENTAL,376349.64
A53,2004-02-16,TRAIN TICKET,355052.9
A53,2004-02-28,CLOTHES,389005.53
A53,2004-04-27,JEWELLERY,129641.87
A53,2004-05-25,AIR TICKET,58911.72
A53,2004-06-01,PETROL,110241.42
A53,2004-08-12,PETROL,370493.15
A53,2004-11-03,BIKE,395078.96
A53,2004-12-03,RENTAL,174828.97
A53,2004-12-03,MOVIE TICKET,85235.64
A53,2004-03-24,SANDALS,76785.72
A53,2004-03-31,TRAIN TICKET,199062.97
A53,2004-07-03,TRAIN TICKET,488399.04
A54,2004-01-15,CAMERA,161266.69
A54,2004-01-15,AIR TICKET,98748.94
A54,2004-01-25,CAR,449633.79
A54,2004-01-25,CAMERA,494457.44
A54,2004-05-05,JEWELLERY,139648.2
A54,2004-09-13,PETROL,346706.78
A54,2004-02-16,CLOTHES,91140.13
A54,2004-02-23,RENTAL,122119.9
A54,2004-05-26,AIR TICKET,193549.19
A54,2004-06-02,PETROL,155278.41
A54,2004-12-03,AUTO,155708.16
A54,2004-01-03,MOVIE TICKET,215987.8
A54,2004-01-03,MOVIE TICKET,292020.54
A54,2004-03-05,TRAIN TICKET,108824.87
A54,2004-03-25,CAR,129802.8
A54,2004-04-01,RENTAL,410461.33
A54,2004-05-06,MOVIE TICKET,377756.6
A54,2004-08-03,RENTAL,425083.22
A55,2004-01-12,CAMERA,244092.6
A55,2004-01-25,CAMERA,412896.35
A55,2004-01-25,AIR TICKET,456080.65
A55,2004-01-17,BIKE,275748.35
A55,2004-02-03,MOVIE TICKET,127432.64
A55,2004-02-23,CLOTHES,490040.9
A55,2004-04-04,TRAIN TICKET,416430.15
A55,2004-05-07,JEWELLERY,274133.64
A55,2004-05-27,AIR TICKET,450935.8
A55,2004-06-03,PETROL,496185.13
A55,2004-11-20,PETROL,352324.46
A55,2004-01-03,SHOPPING,343548.59
A55,2004-02-03,BIKE,56497.89
A55,2004-02-03,MOVIE TICKET,15199.55
A55,2004-03-26,BIKE,243954.19
A55,2004-04-02,MOVIE TICKET,333764.18
A55,2004-05-06,JEWELLERY,192843.3
A55,2004-09-03,MOVIE TICKET,70329.95
A56,2004-01-03,CAMERA,194695.72
A56,2004-01-12,AIR TICKET,316155.21
A56,2004-01-17,CAMERA,474957.29
A56,2004-02-03,CLOTHES,276525.82
A56,2004-02-23,AUTO,117670.21
A56,2004-05-07,JEWELLERY,110809.17
A56,2004-05-28,AIR TICKET,497368.07
A56,2004-07-03,PETROL,226224.39
A56,2004-02-03,AIR TICKET,22463.65
A56,2004-02-04,JEWELLERY,481587.27
A56,2004-03-03,AUTO,481580.09
A56,2004-03-03,MOVIE TICKET,327358.8
A56,2004-03-27,AUTO,27387.07
A56,2004-04-03,JEWELLERY,55929.85
A56,2004-04-30,TRAIN TICKET,249003.25
A56,2004-05-08,PETROL,67738.19
A56,2004-10-03,JEWELLERY,156247.17
A56,2004-11-21,PETROL,49398.99
A56,2004-12-03,JEWELLERY,223628.27
A57,2004-01-03,AIR TICKET,162490.62
A57,2004-01-12,PETROL,179402.44
A57,2004-01-15,SHOPPING,199186.44
A57,2004-04-25,TRAIN TICKET,245152.21
A57,2004-02-01,SHOPPING,233010.16
A57,2004-02-23,SHOPPING,19910.49
A57,2004-05-09,CLOTHES,324848.19
A57,2004-05-29,AIR TICKET,390003.19
A57,2004-08-03,PETROL,113117.61
A57,2004-11-22,PETROL,364650.99
A57,2004-02-04,CLOTHES,129110.67
A57,2004-03-03,BUS TICKET,324423.0
A57,2004-03-25,PETROL,149750.73
A57,2004-03-28,SHOPPING,228739.09
A57,2004-04-03,SHOPPING,426980.66
A57,2004-04-03,MOVIE TICKET,92101.32
A57,2004-04-04,PETROL,153475.34
A57,2004-05-08,JEWELLERY,116195.53
A57,2004-11-03,PETROL,13756.3
A58,2004-01-03,CLOTHES,383742.74
A58,2004-01-12,CLOTHES,389454.0
A58,2004-01-15,AIR TICKET,392868.39
A58,2004-01-25,AIR TICKET,281284.63
A58,2004-02-05,AIR TICKET,144440.23
A58,2004-11-23,PETROL,340371.19
A58,2004-02-01,AIR TICKET,79949.77
A58,2004-05-09,JEWELLERY,62814.73
A58,2004-05-30,AIR TICKET,194262.0
A58,2004-09-03,PETROL,209639.64
A58,2004-03-25,JEWELLERY,348861.19
A58,2004-03-29,AIR TICKET,465473.69
A58,2004-03-31,CLOTHES,400882.5
A58,2004-04-03,TRAIN TICKET,252719.43
A58,2004-04-19,TRAIN TICKET,342976.2
A58,2004-05-03,AIR TICKET,316601.57
A58,2004-05-03,AUTO,163775.96
A58,2004-05-10,FOOD,420015.08
A58,2004-12-03,CLOTHES,167643.95
A59,2004-01-03,FOOD,452806.53
A59,2004-01-12,FOOD,246626.36
A59,2004-01-12,BUS TICKET,176363.47
A59,2004-01-12,AIR TICKET,495771.8
A59,2004-01-15,FOOD,181115.2
A59,2004-02-05,BUS TICKET,148214.1
A59,2004-04-06,TRAIN TICKET,381428.67
A59,2004-02-28,BUS TICKET,113224.52
A59,2004-05-24,PETROL,447626.66
A59,2004-05-31,AIR TICKET,365270.93
A59,2004-10-03,PETROL,379105.49
A59,2004-03-23,FOOD,274686.56
A59,2004-03-30,BUS TICKET,30563.8
A59,2004-03-31,PETROL,67835.3
A59,2004-05-03,RENTAL,65444.06
A59,2004-05-10,JEWELLERY,240006.76
A59,2004-06-03,BUS TICKET,94838.4
A59,2004-06-03,SHOPPING,43493.07
A59,2004-07-11,CAMERA,397479.97
A6,2004-01-03,CLOTHES,195373.41
A6,2004-01-03,CLOTHES,18162.3
A6,2004-01-15,FOOD,102914.5
A6,2004-01-15,CLOTHES,488508.91
A6,2004-01-15,BUS TICKET,352326.62
A6,2004-04-25,MOVIE TICKET,100962.14
A6,2004-02-16,FOOD,433956.78
A6,2004-05-07,JEWELLERY,130023.62
A6,2004-05-26,PETROL,253033.48
A6,2004-05-27,MOVIE TICKET,89467.92
A6,2004-01-03,CAMERA,235787.09
A6,2004-02-04,TRAIN TICKET,74569.98
A6,2004-03-23,CLOTHES,429780.86
A6,2004-03-24,FOOD,149094.95
A6,2004-04-03,AIR TICKET,357943.87
A6,2004-04-04,BIKE,498734.85
A6,2004-05-10,PETROL,319011.87
A60,2004-01-03,CAMERA,187831.62
A60,2004-01-03,TRAIN TICKET,454349.36
A60,2004-01-03,AIR TICKET,262521.84
A60,2004-01-12,CAMERA,293918.67
A60,2004-01-15,CAMERA,214953.66
A60,2004-01-25,CAMERA,153892.1
A60,2004-01-25,MOVIE TICKET,445859.26
A60,2004-01-25,AIR TICKET,4977.49
A60,2004-01-25,CAMERA,240648.48
A60,2004-03-19,CAMERA,305955.6
A60,2004-09-13,BUS TICKET,316498.85
A60,2004-02-03,MOVIE TICKET,477311.41
A60,2004-02-16,TRAIN TICKET,327726.3
A60,2004-02-23,MOVIE TICKET,451093.63
A60,2004-02-23,CAMERA,384933.82
A60,2004-02-28,TRAIN TICKET,268335.38
A60,2004-04-04,CAMERA,316196.2
A60,2004-04-27,TRAIN TICKET,447530.58
A60,2004-05-25,PETROL,331240.94
A60,2004-05-27,MOVIE TICKET,250272.23
A60,2004-06-01,AIR TICKET,312826.1
A60,2004-06-03,AIR TICKET,268099.23
A60,2004-08-12,SANDALS,206631.21
A60,2004-11-03,PETROL,196457.74
A60,2004-11-20,BIKE,230675.49
A60,2004-01-03,PETROL,30614.56
A60,2004-03-23,CLOTHES,167160.18
A60,2004-03-25,FOOD,153147.63
A60,2004-03-31,TRAIN TICKET,494568.87
A60,2004-04-02,MOVIE TICKET,185732.4
A60,2004-05-06,MOVIE TICKET,388063.32
A60,2004-06-03,MOVIE TICKET,285128.75
A60,2004-07-03,TRAIN TICKET,283607.25
A60,2004-07-03,AIR TICKET,273977.69
A60,2004-07-11,JEWELLERY,474907.71
A60,2004-08-03,PETROL,423934.57
A60,2004-09-03,RENTAL,299701.84
A60,2004-09-03,TRAIN TICKET,209649.02
A61,2004-01-03,CAMERA,213221.11
A61,2004-01-12,JEWELLERY,403777.74
A61,2004-01-15,CAMERA,147299.1
A61,2004-01-15,RENTAL,396858.13
A61,2004-01-15,AIR TICKET,3313.37
A61,2004-01-25,CAMERA,211848.96
A61,2004-05-05,RENTAL,452028.03
A61,2004-09-13,CAR,110279.02
A61,2004-01-17,CAMERA,351215.4
A61,2004-01-17,AIR TICKET,443356.07
A61,2004-01-17,CAMERA,393623.57
A61,2004-02-01,CAMERA,90754.27
A61,2004-02-03,JEWELLERY,36566.43
A61,2004-02-16,RENTAL,26620.47
A61,2004-02-23,RENTAL,330733.51
A61,2004-05-07,JEWELLERY,282168.93
A61,2004-05-26,RENTAL,363233.83
A61,2004-05-28,JEWELLERY,239023.21
A61,2004-06-02,AIR TICKET,290446.41
A61,2004-07-03,AIR TICKET,152889.45
A61,2004-08-12,AIR TICKET,487680.73
A61,2004-11-20,BUS TICKET,379397.99
A61,2004-12-03,PETROL,62914.03
A61,2004-02-03,PETROL,126283.33
A61,2004-02-04,JEWELLERY,42791.79
A61,2004-03-05,CAMERA,237635.09
A61,2004-03-24,FOOD,151908.02
A61,2004-03-26,FOOD,111315.17
A61,2004-04-01,RENTAL,129534.9
A61,2004-04-03,JEWELLERY,353502.17
A61,2004-04-30,CAMERA,347019.23
A61,2004-07-03,JEWELLERY,246888.98
A61,2004-08-03,RENTAL,174906.54
A61,2004-08-03,BUS TICKET,294180.68
A61,2004-09-03,CLOTHES,115354.86
A61,2004-10-03,RENTAL,460195.99
A61,2004-10-03,RENTAL,8682.98
A61,2004-11-21,BIKE,332876.9
A62,2004-01-03,PETROL,361346.18
A62,2004-01-15,SHOPPING,392677.26
A62,2004-02-05,SHOPPING,333488.91
A62,2004-04-25,SHOPPING,222806.33
A62,2004-02-23,SHOPPING,332077.43
A62,2004-02-23,AIR TICKET,159734.23
A62,2004-05-29,PETROL,268536.95
A62,2004-08-03,AIR TICKET,70049.12
A62,2004-11-22,BIKE,32324.84
A62,2004-02-04,PETROL,360832.43
A62,2004-03-03,CAR,285498.52
A62,2004-03-25,PETROL,84003.7
A62,2004-03-27,FOOD,54486.22
A62,2004-04-04,PETROL,105742.96
A62,2004-05-08,PETROL,16782.6
A62,2004-10-03,FOOD,73920.68
A62,2004-11-03,RENTAL,439845.09
A62,2004-11-03,MOVIE TICKET,481412.75
A62,2004-11-21,BUS TICKET,186080.25
